{
  "dev": 0.605807437595517,
  "hans": 0.45006666666666667,
  "best_epoch": 11,
  "target": "bert-base",
  "k": 10,
  "lr": 5e-06,
  "split": 1,
  "n_train": 3000,
  "epochs": 15,
  "time_sec": 390.3052237033844
}