{
  "dev": 0.49403973509933774,
  "hans": 0.48073333333333335,
  "best_epoch": 16,
  "target": "bert-base",
  "k": 5,
  "lr": 5e-06,
  "split": 1,
  "n_train": 1500,
  "epochs": 20,
  "time_sec": 436.6650404930115
}