{
  "dev": 0.7231788079470198,
  "hans": 0.4930333333333333,
  "best_epoch": 2,
  "target": "bert-base",
  "k": 30,
  "lr": 3e-05,
  "split": 1,
  "n_train": 9000,
  "epochs": 8,
  "time_sec": 360.0708649158478
}