{
  "dev": 0.6391237901171676,
  "hans": 0.49943333333333334,
  "best_epoch": 20,
  "target": "bert-large",
  "k": 5,
  "lr": 1e-05,
  "split": 1,
  "n_train": 1500,
  "epochs": 20,
  "time_sec": 1131.7910368442535
}