{
  "dev": 0.5756495160468671,
  "hans": 0.4968,
  "best_epoch": 15,
  "target": "bert-base",
  "k": 5,
  "lr": 2e-05,
  "split": 1,
  "n_train": 1500,
  "epochs": 20,
  "time_sec": 439.91596484184265
}