{
  "dev": 0.5306164034640856,
  "hans": 0.39136666666666664,
  "best_epoch": 9,
  "target": "bert-small",
  "k": 5,
  "lr": 3e-05,
  "split": 1,
  "n_train": 1500,
  "epochs": 20,
  "time_sec": 196.52566623687744
}