{
  "dev": 0.5323484462557311,
  "hans": 0.47763333333333335,
  "best_epoch": 12,
  "target": "bert-small",
  "k": 5,
  "lr": 1e-05,
  "split": 1,
  "n_train": 1500,
  "epochs": 20,
  "time_sec": 197.017085313797
}