{
  "dev": 0.6447274579724911,
  "hans": 0.4925333333333333,
  "best_epoch": 13,
  "target": "bert-large",
  "k": 5,
  "lr": 2e-05,
  "split": 1,
  "n_train": 1500,
  "epochs": 20,
  "time_sec": 1130.6186509132385
}