{
  "dev": 0.6172185430463576,
  "hans": 0.47633333333333333,
  "best_epoch": 4,
  "target": "bert-small",
  "k": 30,
  "lr": 2e-05,
  "split": 1,
  "n_train": 9000,
  "epochs": 8,
  "time_sec": 160.6070213317871
}