{
  "dev": 0.6596026490066225,
  "hans": 0.46513333333333334,
  "best_epoch": 12,
  "target": "bert-base",
  "k": 10,
  "lr": 2e-05,
  "split": 1,
  "n_train": 3000,
  "epochs": 15,
  "time_sec": 395.47859477996826
}