{
  "dev": 0.7559857361181864,
  "hans": 0.49743333333333334,
  "best_epoch": 7,
  "target": "bert-large",
  "k": 30,
  "lr": 1e-05,
  "split": 1,
  "n_train": 9000,
  "epochs": 8,
  "time_sec": 824.0433731079102
}