{
  "dev": 0.6193581253183902,
  "hans": 0.4915333333333333,
  "best_epoch": 2,
  "target": "bert-small",
  "k": 30,
  "lr": 5e-05,
  "split": 1,
  "n_train": 9000,
  "epochs": 8,
  "time_sec": 158.7958025932312
}