{
  "dev": 0.701681100356597,
  "hans": 0.48843333333333333,
  "best_epoch": 6,
  "target": "bert-base",
  "k": 30,
  "lr": 1e-05,
  "split": 1,
  "n_train": 9000,
  "epochs": 8,
  "time_sec": 364.779896736145
}