{
  "dev": 0.6278145695364239,
  "hans": 0.47123333333333334,
  "best_epoch": 4,
  "target": "bert-small",
  "k": 30,
  "lr": 3e-05,
  "split": 1,
  "n_train": 9000,
  "epochs": 8,
  "time_sec": 158.80188870429993
}