{
  "dev": 0.6674477840040753,
  "hans": 0.4991333333333333,
  "best_epoch": 7,
  "target": "bert-base",
  "k": 30,
  "lr": 5e-06,
  "split": 1,
  "n_train": 9000,
  "epochs": 8,
  "time_sec": 356.7521650791168
}