{
  "dev": 0.6683647478349465,
  "hans": 0.47906666666666664,
  "best_epoch": 13,
  "target": "bert-base",
  "k": 10,
  "lr": 3e-05,
  "split": 1,
  "n_train": 3000,
  "epochs": 15,
  "time_sec": 395.8737723827362
}