{
  "dev": 0.6016301579215486,
  "hans": 0.4946,
  "best_epoch": 18,
  "target": "bert-large",
  "k": 5,
  "lr": 5e-06,
  "split": 1,
  "n_train": 1500,
  "epochs": 20,
  "time_sec": 1142.1850018501282
}