{
  "dev": 0.5321446765155374,
  "hans": 0.33666666666666667,
  "best_epoch": 10,
  "target": "bert-small",
  "k": 5,
  "lr": 5e-05,
  "split": 1,
  "n_train": 1500,
  "epochs": 20,
  "time_sec": 195.62217140197754
}