{
  "dev": 0.6395313295975548,
  "hans": 0.44483333333333336,
  "best_epoch": 12,
  "target": "bert-base",
  "k": 10,
  "lr": 1e-05,
  "split": 1,
  "n_train": 3000,
  "epochs": 15,
  "time_sec": 399.69851326942444
}