{
  "dev": 0.7137035150280183,
  "hans": 0.49006666666666665,
  "best_epoch": 12,
  "target": "bert-large",
  "k": 10,
  "lr": 2e-05,
  "split": 1,
  "n_train": 3000,
  "epochs": 15,
  "time_sec": 989.9130473136902
}