{
  "dev": 0.6484971981660723,
  "hans": 0.4946333333333333,
  "best_epoch": 11,
  "target": "bert-base",
  "k": 10,
  "lr": 5e-05,
  "split": 1,
  "n_train": 3000,
  "epochs": 15,
  "time_sec": 386.6613690853119
}