{
  "dev": 0.7166581762608253,
  "hans": 0.4886333333333333,
  "best_epoch": 8,
  "target": "bert-base",
  "k": 30,
  "lr": 5e-05,
  "split": 1,
  "n_train": 9000,
  "epochs": 8,
  "time_sec": 364.7949297428131
}