{
  "dev": 0.6667345899133978,
  "hans": 0.49116666666666664,
  "best_epoch": 8,
  "target": "bert-large",
  "k": 5,
  "lr": 3e-05,
  "split": 1,
  "n_train": 1500,
  "epochs": 20,
  "time_sec": 1131.0068144798279
}