{
  "dev": 0.5815588385124809,
  "hans": 0.4901333333333333,
  "best_epoch": 5,
  "target": "bert-small",
  "k": 10,
  "lr": 2e-05,
  "split": 1,
  "n_train": 3000,
  "epochs": 15,
  "time_sec": 178.05165672302246
}