{
  "dev": 0.7146204788588895,
  "hans": 0.47836666666666666,
  "best_epoch": 7,
  "target": "bert-base",
  "k": 30,
  "lr": 2e-05,
  "split": 1,
  "n_train": 9000,
  "epochs": 8,
  "time_sec": 361.0206141471863
}