{
  "dev": 0.4449312277126847,
  "hans": 0.5,
  "best_epoch": 1,
  "target": "bert-large",
  "k": 5,
  "lr": 5e-05,
  "split": 1,
  "n_train": 1500,
  "epochs": 20,
  "time_sec": 1128.325474023819
}