{
  "dev": 0.7237901171676007,
  "hans": 0.45143333333333335,
  "best_epoch": 8,
  "target": "bert-large",
  "k": 10,
  "lr": 3e-05,
  "split": 1,
  "n_train": 3000,
  "epochs": 15,
  "time_sec": 990.7580399513245
}