{
  "dev": 0.5448802852776363,
  "hans": 0.4292666666666667,
  "best_epoch": 4,
  "target": "pythia-70m",
  "k": 30,
  "lr": 0.0001,
  "split": 1,
  "n_train": 9000,
  "epochs": 8,
  "time_sec": 353.98464727401733
}