{
  "dev": 0.6944472745797249,
  "hans": 0.4968666666666667,
  "best_epoch": 2,
  "target": "pythia-410m",
  "k": 30,
  "lr": 5e-05,
  "split": 1,
  "n_train": 9000,
  "epochs": 8,
  "time_sec": 1231.149744272232
}