{
  "dev": 0.5659704533876719,
  "hans": 0.5013666666666666,
  "best_epoch": 2,
  "target": "pythia-160m",
  "k": 5,
  "lr": 0.0001,
  "split": 1,
  "n_train": 1500,
  "epochs": 20,
  "time_sec": 604.2768647670746
}