{
  "dev": 0.7342842587875701,
  "hans": 0.4979,
  "best_epoch": 12,
  "target": "pythia-410m",
  "k": 10,
  "lr": 5e-06,
  "split": 1,
  "n_train": 3000,
  "epochs": 15,
  "time_sec": 1266.7685346603394
}