{
  "dev": 0.7622007131940907,
  "hans": 0.49483333333333335,
  "best_epoch": 3,
  "target": "pythia-410m",
  "k": 30,
  "lr": 5e-06,
  "split": 1,
  "n_train": 9000,
  "epochs": 8,
  "time_sec": 1226.0996675491333
}