{
  "dev": 0.4933265410086602,
  "hans": 0.48146666666666665,
  "best_epoch": 3,
  "target": "pythia-70m",
  "k": 5,
  "lr": 5e-05,
  "split": 1,
  "n_train": 1500,
  "epochs": 20,
  "time_sec": 461.6718966960907
}