{
  "dev": 0.5105450840550179,
  "hans": 0.3922,
  "best_epoch": 14,
  "target": "pythia-70m",
  "k": 5,
  "lr": 2e-05,
  "split": 1,
  "n_train": 1500,
  "epochs": 20,
  "time_sec": 460.291606426239
}