{
  "dev": 0.717269485481406,
  "hans": 0.4449666666666667,
  "best_epoch": 7,
  "target": "pythia-1b",
  "k": 10,
  "lr": 2e-05,
  "split": 1,
  "n_train": 3000,
  "epochs": 15,
  "time_sec": 2736.7055702209473
}