{
  "dev": 0.5129903209373408,
  "hans": 0.49866666666666665,
  "best_epoch": 3,
  "target": "pythia-1b",
  "k": 10,
  "lr": 0.0001,
  "split": 1,
  "n_train": 3000,
  "epochs": 15,
  "time_sec": 2730.6146700382233
}