{
  "dev": 0.5289862455425369,
  "hans": 0.5087666666666667,
  "best_epoch": 3,
  "target": "pythia-1b",
  "k": 5,
  "lr": 0.0001,
  "split": 1,
  "n_train": 1500,
  "epochs": 20,
  "time_sec": 3210.47540473938
}