{
  "dev": 0.6197656647987774,
  "hans": 0.49273333333333336,
  "best_epoch": 11,
  "target": "pythia-160m",
  "k": 5,
  "lr": 2e-05,
  "split": 1,
  "n_train": 1500,
  "epochs": 20,
  "time_sec": 698.7744843959808
}