{
  "dev": 0.5745287824758023,
  "hans": 0.46763333333333335,
  "best_epoch": 2,
  "target": "pythia-160m",
  "k": 30,
  "lr": 0.0001,
  "split": 1,
  "n_train": 9000,
  "epochs": 8,
  "time_sec": 607.217303276062
}