{
  "dev": 0.6191543555781966,
  "hans": 0.4933666666666667,
  "best_epoch": 5,
  "target": "pythia-160m",
  "k": 10,
  "lr": 2e-05,
  "split": 1,
  "n_train": 3000,
  "epochs": 15,
  "time_sec": 581.892028093338
}