{
  "dev": 0.50952623535405,
  "hans": 0.41236666666666666,
  "best_epoch": 7,
  "target": "pythia-70m",
  "k": 5,
  "lr": 1e-05,
  "split": 1,
  "n_train": 1500,
  "epochs": 20,
  "time_sec": 461.60272789001465
}