{
  "dev": 0.6355578196637799,
  "hans": 0.4902666666666667,
  "best_epoch": 16,
  "target": "pythia-1b",
  "k": 5,
  "lr": 5e-05,
  "split": 1,
  "n_train": 1500,
  "epochs": 20,
  "time_sec": 3216.93493103981
}