{
  "dev": 0.7451859398879267,
  "hans": 0.4991333333333333,
  "best_epoch": 6,
  "target": "pythia-1b",
  "k": 10,
  "lr": 1e-05,
  "split": 1,
  "n_train": 3000,
  "epochs": 15,
  "time_sec": 2738.024751663208
}