{
  "dev": 0.6956698930208864,
  "hans": 0.4997666666666667,
  "best_epoch": 7,
  "target": "pythia-1b",
  "k": 5,
  "lr": 2e-05,
  "split": 1,
  "n_train": 1500,
  "epochs": 20,
  "time_sec": 3226.174298286438
}