{
  "dev": 0.6321956189505858,
  "hans": 0.4110666666666667,
  "best_epoch": 11,
  "target": "pythia-160m",
  "k": 10,
  "lr": 5e-06,
  "split": 1,
  "n_train": 3000,
  "epochs": 15,
  "time_sec": 584.1908106803894
}