{
  "dev": 0.5233825776872134,
  "hans": 0.44956666666666667,
  "best_epoch": 5,
  "target": "pythia-70m",
  "k": 10,
  "lr": 5e-06,
  "split": 1,
  "n_train": 3000,
  "epochs": 15,
  "time_sec": 407.01744866371155
}