{
  "dev": 0.7681100356597045,
  "hans": 0.4982333333333333,
  "best_epoch": 7,
  "target": "pythia-1b",
  "k": 30,
  "lr": 1e-05,
  "split": 1,
  "n_train": 9000,
  "epochs": 8,
  "time_sec": 2135.3396956920624
}