{
  "dev": 0.5806418746816098,
  "hans": 0.49993333333333334,
  "best_epoch": 12,
  "target": "pythia-160m",
  "k": 5,
  "lr": 5e-06,
  "split": 1,
  "n_train": 1500,
  "epochs": 20,
  "time_sec": 667.5399858951569
}