{
  "dev": 0.7412124299541518,
  "hans": 0.49933333333333335,
  "best_epoch": 7,
  "target": "pythia-1b",
  "k": 30,
  "lr": 2e-05,
  "split": 1,
  "n_train": 9000,
  "epochs": 8,
  "time_sec": 2136.103513240814
}