{
  "dev": 0.7006622516556291,
  "hans": 0.4982,
  "best_epoch": 6,
  "target": "pythia-410m",
  "k": 5,
  "lr": 1e-05,
  "split": 1,
  "n_train": 1500,
  "epochs": 20,
  "time_sec": 1331.4393737316132
}