{
  "dev": 0.5551706571574121,
  "hans": 0.46976666666666667,
  "best_epoch": 7,
  "target": "pythia-160m",
  "k": 5,
  "lr": 5e-05,
  "split": 1,
  "n_train": 1500,
  "epochs": 20,
  "time_sec": 701.7266125679016
}