{
  "dev": 0.4872134488028528,
  "hans": 0.3128666666666667,
  "best_epoch": 4,
  "target": "pythia-70m",
  "k": 10,
  "lr": 0.0001,
  "split": 1,
  "n_train": 3000,
  "epochs": 15,
  "time_sec": 353.6311950683594
}