{
  "dev": 0.5382577687213449,
  "hans": 0.4406,
  "best_epoch": 6,
  "target": "pythia-70m",
  "k": 10,
  "lr": 1e-05,
  "split": 1,
  "n_train": 3000,
  "epochs": 15,
  "time_sec": 377.0292181968689
}