{
  "dev": 0.6444218033622007,
  "hans": 0.49993333333333334,
  "best_epoch": 3,
  "target": "pythia-160m",
  "k": 10,
  "lr": 1e-05,
  "split": 1,
  "n_train": 3000,
  "epochs": 15,
  "time_sec": 598.0907576084137
}