{
  "dev": 0.5193071828833419,
  "hans": 0.4834333333333333,
  "best_epoch": 2,
  "target": "pythia-70m",
  "k": 5,
  "lr": 0.0001,
  "split": 1,
  "n_train": 1500,
  "epochs": 20,
  "time_sec": 455.62591528892517
}