{
  "dev": 0.6821192052980133,
  "hans": 0.47836666666666666,
  "best_epoch": 3,
  "target": "pythia-160m",
  "k": 30,
  "lr": 5e-06,
  "split": 1,
  "n_train": 9000,
  "epochs": 8,
  "time_sec": 587.2764279842377
}