{
  "dev": 0.5527254202750892,
  "hans": 0.5001666666666666,
  "best_epoch": 2,
  "target": "pythia-410m",
  "k": 10,
  "lr": 0.0001,
  "split": 1,
  "n_train": 3000,
  "epochs": 15,
  "time_sec": 1262.9603018760681
}