{
  "dev": 0.7602649006622516,
  "hans": 0.49853333333333333,
  "best_epoch": 7,
  "target": "pythia-410m",
  "k": 30,
  "lr": 1e-05,
  "split": 1,
  "n_train": 9000,
  "epochs": 8,
  "time_sec": 1223.4508361816406
}