{
  "dev": 0.6061130922058074,
  "hans": 0.49566666666666664,
  "best_epoch": 12,
  "target": "pythia-410m",
  "k": 10,
  "lr": 5e-05,
  "split": 1,
  "n_train": 3000,
  "epochs": 15,
  "time_sec": 1265.17982006073
}