{
  "dev": 0.5616912888436068,
  "hans": 0.4836,
  "best_epoch": 2,
  "target": "pythia-160m",
  "k": 10,
  "lr": 0.0001,
  "split": 1,
  "n_train": 3000,
  "epochs": 15,
  "time_sec": 576.2742331027985
}