{
  "dev": 0.708507386653082,
  "hans": 0.4988,
  "best_epoch": 14,
  "target": "pythia-410m",
  "k": 10,
  "lr": 2e-05,
  "split": 1,
  "n_train": 3000,
  "epochs": 15,
  "time_sec": 1265.1831657886505
}