{
  "dev": 0.6294447274579725,
  "hans": 0.4941333333333333,
  "best_epoch": 15,
  "target": "pythia-410m",
  "k": 5,
  "lr": 5e-05,
  "split": 1,
  "n_train": 1500,
  "epochs": 20,
  "time_sec": 1342.0331704616547
}