{
  "dev": 0.5421293937850229,
  "hans": 0.4845333333333333,
  "best_epoch": 4,
  "target": "pythia-1b",
  "k": 30,
  "lr": 0.0001,
  "split": 1,
  "n_train": 9000,
  "epochs": 8,
  "time_sec": 2136.7919256687164
}