{
  "dev": 0.6836474783494652,
  "hans": 0.47756666666666664,
  "best_epoch": 8,
  "target": "pythia-160m",
  "k": 30,
  "lr": 1e-05,
  "split": 1,
  "n_train": 9000,
  "epochs": 8,
  "time_sec": 593.9155473709106
}