{
  "dev": 0.7458991339786042,
  "hans": 0.5051666666666667,
  "best_epoch": 2,
  "target": "pythia-410m",
  "k": 30,
  "lr": 2e-05,
  "split": 1,
  "n_train": 9000,
  "epochs": 8,
  "time_sec": 1227.910064458847
}