{
  "dev": 0.698828323993887,
  "hans": 0.49993333333333334,
  "best_epoch": 7,
  "target": "pythia-1b",
  "k": 5,
  "lr": 1e-05,
  "split": 1,
  "n_train": 1500,
  "epochs": 20,
  "time_sec": 3227.916496038437
}