{
  "dev": 0.686602139582272,
  "hans": 0.49993333333333334,
  "best_epoch": 16,
  "target": "pythia-1b",
  "k": 5,
  "lr": 5e-06,
  "split": 1,
  "n_train": 1500,
  "epochs": 20,
  "time_sec": 3267.9416444301605
}