{
  "dev": 0.6888436067244015,
  "hans": 0.4999,
  "best_epoch": 16,
  "target": "pythia-410m",
  "k": 5,
  "lr": 2e-05,
  "split": 1,
  "n_train": 1500,
  "epochs": 20,
  "time_sec": 1336.3039219379425
}