{
  "dev": 0.5509933774834437,
  "hans": 0.47923333333333334,
  "best_epoch": 3,
  "target": "pythia-410m",
  "k": 30,
  "lr": 0.0001,
  "split": 1,
  "n_train": 9000,
  "epochs": 8,
  "time_sec": 1229.2688572406769
}