{
  "dev": 0.527967396841569,
  "hans": 0.47423333333333334,
  "best_epoch": 17,
  "target": "pythia-410m",
  "k": 5,
  "lr": 0.0001,
  "split": 1,
  "n_train": 1500,
  "epochs": 20,
  "time_sec": 1338.4819858074188
}