{
  "dev": 0.6852776362710138,
  "hans": 0.49766666666666665,
  "best_epoch": 8,
  "target": "pythia-1b",
  "k": 30,
  "lr": 5e-05,
  "split": 1,
  "n_train": 9000,
  "epochs": 8,
  "time_sec": 2055.0249433517456
}