{
  "model": "t5-v1_1-xxl",
  "split": "split3",
  "lr": 0.0001,
  "seed": 1,
  "mode": "confidence",
  "val_acc": 0.8872134488028528,
  "avg_loss": 0.30934276415507,
  "training_time_sec": 3132.0493042469025,
  "confidence_stats": {
    "mean": 0.8742523193359375,
    "std": 0.24633996188640594,
    "gt_095_ratio": 0.7067333333333333,
    "lt_04_ratio": 0.08103333333333333
  }
}