{
  "condition": "C1_full",
  "split": "split2",
  "epochs": [
    {
      "epoch": 1,
      "loss": 0.7116375511516132,
      "mnli_dev": 0.7758532857870606,
      "hans": 0.5241666666666667
    },
    {
      "epoch": 2,
      "loss": 0.3380328001641134,
      "mnli_dev": 0.8064187468160978,
      "hans": 0.5233333333333333
    },
    {
      "epoch": 3,
      "loss": 0.1296239071421381,
      "mnli_dev": 0.8088639836984208,
      "hans": 0.5251333333333333
    }
  ],
  "final": {
    "mnli_dev": 0.8088639836984208,
    "hans": 0.5251333333333333,
    "anli_r1": 0.22,
    "anli_r2": 0.284,
    "anli_r3": 0.2916666666666667,
    "n_train": 30000
  },
  "time_sec": 463.305495262146
}