{
  "condition": "C1_full",
  "split": "split1",
  "epochs": [
    {
      "epoch": 1,
      "loss": 0.7117640556557092,
      "mnli_dev": 0.7861436576668365,
      "hans": 0.5623
    },
    {
      "epoch": 2,
      "loss": 0.34788381525956746,
      "mnli_dev": 0.8085583290881304,
      "hans": 0.5456333333333333
    },
    {
      "epoch": 3,
      "loss": 0.131414641063712,
      "mnli_dev": 0.8084564442180336,
      "hans": 0.5841333333333333
    }
  ],
  "final": {
    "mnli_dev": 0.8084564442180336,
    "hans": 0.5841333333333333,
    "anli_r1": 0.237,
    "anli_r2": 0.278,
    "anli_r3": 0.2991666666666667,
    "n_train": 30000
  },
  "time_sec": 470.6635253429413
}