{
  "condition": "C1_full",
  "split": "split3",
  "epochs": [
    {
      "epoch": 1,
      "loss": 0.721505634280156,
      "mnli_dev": 0.7818644931227713,
      "hans": 0.5058333333333334
    },
    {
      "epoch": 2,
      "loss": 0.35282329195883994,
      "mnli_dev": 0.80825267447784,
      "hans": 0.5090333333333333
    },
    {
      "epoch": 3,
      "loss": 0.14113700295488701,
      "mnli_dev": 0.8078451349974529,
      "hans": 0.5035333333333334
    }
  ],
  "final": {
    "mnli_dev": 0.8078451349974529,
    "hans": 0.5035333333333334,
    "anli_r1": 0.234,
    "anli_r2": 0.28,
    "anli_r3": 0.2833333333333333,
    "n_train": 30000
  },
  "time_sec": 463.90191626548767
}