{
  "condition": "C4_intersect",
  "split": "split2",
  "epochs": [
    {
      "epoch": 1,
      "loss": 0.8587925310858385,
      "mnli_dev": 0.7801324503311259,
      "hans": 0.5166333333333334
    },
    {
      "epoch": 2,
      "loss": 0.47712805485603293,
      "mnli_dev": 0.7967396841569027,
      "hans": 0.5234333333333333
    },
    {
      "epoch": 3,
      "loss": 0.2021617719548231,
      "mnli_dev": 0.7964340295466124,
      "hans": 0.5437333333333333
    }
  ],
  "final": {
    "mnli_dev": 0.7964340295466124,
    "hans": 0.5437333333333333,
    "anli_r1": 0.247,
    "anli_r2": 0.272,
    "anli_r3": 0.29583333333333334,
    "n_train": 24969
  },
  "time_sec": 404.04919266700745
}