{
  "condition": "C4_intersect",
  "split": "split3",
  "epochs": [
    {
      "epoch": 1,
      "loss": 0.8753616525092501,
      "mnli_dev": 0.780539989811513,
      "hans": 0.5189666666666667
    },
    {
      "epoch": 2,
      "loss": 0.4605800291054121,
      "mnli_dev": 0.7991849210392257,
      "hans": 0.5112
    },
    {
      "epoch": 3,
      "loss": 0.19345974172975006,
      "mnli_dev": 0.7967396841569027,
      "hans": 0.5305666666666666
    }
  ],
  "final": {
    "mnli_dev": 0.7967396841569027,
    "hans": 0.5305666666666666,
    "anli_r1": 0.231,
    "anli_r2": 0.27,
    "anli_r3": 0.30416666666666664,
    "n_train": 25137
  },
  "time_sec": 415.84192848205566
}