{
  "condition": "C4_intersect",
  "split": "split1",
  "epochs": [
    {
      "epoch": 1,
      "loss": 1.093665131340934,
      "mnli_dev": 0.5180845644421803,
      "hans": 0.4987
    },
    {
      "epoch": 2,
      "loss": 1.1012451464452493,
      "mnli_dev": 0.31818644931227713,
      "hans": 0.5
    },
    {
      "epoch": 3,
      "loss": 1.1054742885322237,
      "mnli_dev": 0.31818644931227713,
      "hans": 0.5
    }
  ],
  "final": {
    "mnli_dev": 0.31818644931227713,
    "hans": 0.5,
    "anli_r1": 0.333,
    "anli_r2": 0.333,
    "anli_r3": 0.335,
    "n_train": 25564
  },
  "time_sec": 423.75856852531433
}