{
  "condition": "C5_union",
  "split": "split3",
  "epochs": [
    {
      "epoch": 1,
      "loss": 1.0455279803091242,
      "mnli_dev": 0.4129393785022924,
      "hans": 0.5001
    },
    {
      "epoch": 2,
      "loss": 0.7729197723227877,
      "mnli_dev": 0.6845644421803362,
      "hans": 0.5276666666666666
    },
    {
      "epoch": 3,
      "loss": 0.4271654340243617,
      "mnli_dev": 0.6562404482934284,
      "hans": 0.5284333333333333
    }
  ],
  "final": {
    "mnli_dev": 0.6562404482934284,
    "hans": 0.5284333333333333,
    "anli_r1": 0.286,
    "anli_r2": 0.316,
    "anli_r3": 0.3258333333333333,
    "n_train": 16506
  },
  "time_sec": 296.6967487335205
}