{
  "condition": "C5_union",
  "split": "split1",
  "epochs": [
    {
      "epoch": 1,
      "loss": 0.9728060443150369,
      "mnli_dev": 0.6044829342842588,
      "hans": 0.5509666666666667
    },
    {
      "epoch": 2,
      "loss": 0.5950875155597564,
      "mnli_dev": 0.65206316861946,
      "hans": 0.565
    },
    {
      "epoch": 3,
      "loss": 0.2554323177648942,
      "mnli_dev": 0.6471726948548141,
      "hans": 0.5573666666666667
    }
  ],
  "final": {
    "mnli_dev": 0.6471726948548141,
    "hans": 0.5573666666666667,
    "anli_r1": 0.3,
    "anli_r2": 0.306,
    "anli_r3": 0.35,
    "n_train": 15794
  },
  "time_sec": 289.493417263031
}