{
  "condition": "C5_union",
  "split": "split2",
  "epochs": [
    {
      "epoch": 1,
      "loss": 0.9525261694900834,
      "mnli_dev": 0.6374936321956189,
      "hans": 0.5203
    },
    {
      "epoch": 2,
      "loss": 0.5748049870019215,
      "mnli_dev": 0.6130412633723892,
      "hans": 0.5286333333333333
    },
    {
      "epoch": 3,
      "loss": 0.23492393766126643,
      "mnli_dev": 0.6424859908303617,
      "hans": 0.5464333333333333
    }
  ],
  "final": {
    "mnli_dev": 0.6424859908303617,
    "hans": 0.5464333333333333,
    "anli_r1": 0.316,
    "anli_r2": 0.32,
    "anli_r3": 0.3408333333333333,
    "n_train": 16697
  },
  "time_sec": 342.0767970085144
}