{
  "condition": "C6_dedup",
  "split": "split2",
  "epochs": [
    {
      "epoch": 1,
      "loss": 1.0011425726379908,
      "mnli_dev": 0.7017829852266938,
      "hans": 0.5637
    },
    {
      "epoch": 2,
      "loss": 0.6354307147628027,
      "mnli_dev": 0.7550687722873153,
      "hans": 0.5127333333333334
    },
    {
      "epoch": 3,
      "loss": 0.29120528890837166,
      "mnli_dev": 0.7549668874172185,
      "hans": 0.5383333333333333
    }
  ],
  "final": {
    "mnli_dev": 0.7549668874172185,
    "hans": 0.5383333333333333,
    "anli_r1": 0.284,
    "anli_r2": 0.292,
    "anli_r3": 0.31583333333333335,
    "n_train": 18022
  },
  "time_sec": 346.73942494392395
}