{
  "condition": "C6_dedup",
  "split": "split3",
  "epochs": [
    {
      "epoch": 1,
      "loss": 1.011865153881977,
      "mnli_dev": 0.7068772287315334,
      "hans": 0.5251666666666667
    },
    {
      "epoch": 2,
      "loss": 0.6906269289004738,
      "mnli_dev": 0.751808456444218,
      "hans": 0.5564333333333333
    },
    {
      "epoch": 3,
      "loss": 0.3688480494480373,
      "mnli_dev": 0.764034640855833,
      "hans": 0.5618666666666666
    }
  ],
  "final": {
    "mnli_dev": 0.764034640855833,
    "hans": 0.5618666666666666,
    "anli_r1": 0.266,
    "anli_r2": 0.275,
    "anli_r3": 0.31416666666666665,
    "n_train": 17812
  },
  "time_sec": 313.39557099342346
}