{
  "model": "qwen2.5-1.5b",
  "lr": 5e-05,
  "seed": 1,
  "epochs": 3,
  "best_epoch": 1,
  "best_accuracy": 0.3,
  "final_vllm_accuracy": 0.3,
  "final_vllm_level_accuracy": {},
  "training_time_sec": 5997.4468240737915,
  "epoch_results": [
    {
      "epoch": 1,
      "avg_loss": 4.731307136964798,
      "accuracy": 0.3,
      "level_accuracy": {
        "Level 1": 0.7021276595744681,
        "Level 2": 0.43478260869565216,
        "Level 3": 0.3577981651376147,
        "Level 4": 0.21705426356589147,
        "Level 5": 0.08130081300813008
      },
      "n_eval": 500,
      "eval_time_sec": 1146.1582062244415
    },
    {
      "epoch": 2,
      "avg_loss": 4.611532885201772,
      "accuracy": 0.288,
      "level_accuracy": {
        "Level 1": 0.6808510638297872,
        "Level 2": 0.41304347826086957,
        "Level 3": 0.3302752293577982,
        "Level 4": 0.2248062015503876,
        "Level 5": 0.07317073170731707
      },
      "n_eval": 500,
      "eval_time_sec": 1156.7436411380768
    },
    {
      "epoch": 3,
      "avg_loss": 4.728869351673127,
      "accuracy": 0.272,
      "level_accuracy": {
        "Level 1": 0.6170212765957447,
        "Level 2": 0.3804347826086957,
        "Level 3": 0.3394495412844037,
        "Level 4": 0.20930232558139536,
        "Level 5": 0.06504065040650407
      },
      "n_eval": 500,
      "eval_time_sec": 1157.4587135314941
    }
  ]
}