{
  "model": "t5-v1_1-large",
  "split": "split2",
  "lr": 5e-05,
  "seed": 1,
  "mode": "confidence",
  "val_acc": 0.8711156393275599,
  "avg_loss": 0.37565564580957095,
  "training_time_sec": 860.2459478378296,
  "confidence_stats": {
    "mean": 0.8332819938659668,
    "std": 0.2645392119884491,
    "gt_095_ratio": 0.5837333333333333,
    "lt_04_ratio": 0.10506666666666667
  }
}