{
  "model": "t5-v1_1-base",
  "split": "split1",
  "lr": 0.0001,
  "seed": 1,
  "mode": "confidence",
  "val_acc": 0.7874681609780948,
  "avg_loss": 0.7518417048772176,
  "training_time_sec": 399.63134026527405,
  "confidence_stats": {
    "mean": 0.6165813207626343,
    "std": 0.2637713551521301,
    "gt_095_ratio": 0.07026666666666667,
    "lt_04_ratio": 0.22936666666666666
  }
}