{
  "dev": 0.5094243504839532,
  "hans": 0.39836666666666665,
  "best_epoch": 7,
  "anli_r1": 0.283,
  "anli_r2": 0.305,
  "anli_r3": 0.30333333333333334,
  "target": "bert-small",
  "subject": "pythia-6.9b",
  "k": 5,
  "split": 1,
  "n_train": 1500,
  "epochs": 20,
  "lr": 2e-05,
  "time_sec": 119.58115720748901,
  "condition_type": "subject_easy"
}