{
  "dev": 0.634029546612328,
  "hans": 0.49323333333333336,
  "best_epoch": 8,
  "anli_r1": 0.238,
  "anli_r2": 0.264,
  "anli_r3": 0.2758333333333333,
  "target": "bert-small",
  "subject": "bert-base",
  "k": 30,
  "split": 1,
  "n_train": 9000,
  "epochs": 8,
  "lr": 3e-05,
  "time_sec": 104.9676902294159,
  "condition_type": "subject_easy"
}