{
  "dev": 0.4356597045338767,
  "hans": 0.22583333333333333,
  "best_epoch": 9,
  "anli_r1": 0.269,
  "anli_r2": 0.316,
  "anli_r3": 0.2966666666666667,
  "target": "bert-small",
  "subject": "pythia-2.8b",
  "k": 5,
  "split": 1,
  "n_train": 1500,
  "epochs": 20,
  "lr": 2e-05,
  "time_sec": 119.29591012001038,
  "condition_type": "subject_easy"
}