{
  "dev": 0.5328578706062149,
  "hans": 0.47646666666666665,
  "best_epoch": 10,
  "anli_r1": 0.27,
  "anli_r2": 0.303,
  "anli_r3": 0.30083333333333334,
  "target": "bert-small",
  "subject": "pythia-70m",
  "k": 5,
  "split": 1,
  "n_train": 1500,
  "epochs": 20,
  "lr": 2e-05,
  "time_sec": 114.7403736114502,
  "condition_type": "subject_easy"
}