{
  "dev": 0.5437595517065715,
  "hans": 0.45266666666666666,
  "best_epoch": 4,
  "anli_r1": 0.287,
  "anli_r2": 0.294,
  "anli_r3": 0.2875,
  "target": "bert-base",
  "subject": "pythia-410m",
  "k": 5,
  "split": 1,
  "n_train": 1500,
  "epochs": 20,
  "lr": 3e-05,
  "time_sec": 278.40359473228455,
  "condition_type": "subject_easy"
}