{
  "model": "t5-v1_1-small",
  "split": "split2",
  "lr": 0.0001,
  "seed": 1,
  "mode": "confidence",
  "val_acc": 0.6266938359653591,
  "avg_loss": 1.0020169942617416,
  "training_time_sec": 256.9637107849121,
  "confidence_stats": {
    "mean": 0.48313239216804504,
    "std": 0.22870758175849915,
    "gt_095_ratio": 0.020833333333333332,
    "lt_04_ratio": 0.3958
  }
}