{
  "model": "qwen2.5-1.5b-instruct",
  "lr": 5e-05,
  "seed": 1,
  "epochs": 3,
  "best_epoch": 3,
  "best_accuracy": 0.236,
  "final_vllm_accuracy": 0.236,
  "final_vllm_level_accuracy": {},
  "training_time_sec": 6647.176195383072,
  "epoch_results": [
    {
      "epoch": 1,
      "avg_loss": 4.930325154765447,
      "accuracy": 0.224,
      "level_accuracy": {
        "Level 1": 0.6808510638297872,
        "Level 2": 0.358695652173913,
        "Level 3": 0.1743119266055046,
        "Level 4": 0.13178294573643412,
        "Level 5": 0.08943089430894309
      },
      "n_eval": 500,
      "eval_time_sec": 1364.493320465088
    },
    {
      "epoch": 2,
      "avg_loss": 4.753313287909825,
      "accuracy": 0.228,
      "level_accuracy": {
        "Level 1": 0.6595744680851063,
        "Level 2": 0.34782608695652173,
        "Level 3": 0.23853211009174313,
        "Level 4": 0.13953488372093023,
        "Level 5": 0.056910569105691054
      },
      "n_eval": 500,
      "eval_time_sec": 1300.628886461258
    },
    {
      "epoch": 3,
      "avg_loss": 4.89644071393013,
      "accuracy": 0.236,
      "level_accuracy": {
        "Level 1": 0.6808510638297872,
        "Level 2": 0.33695652173913043,
        "Level 3": 0.28440366972477066,
        "Level 4": 0.11627906976744186,
        "Level 5": 0.07317073170731707
      },
      "n_eval": 500,
      "eval_time_sec": 1332.4588475227356
    }
  ]
}