{
  "model": "pythia-6.9b",
  "lr": 5e-05,
  "seed": 1,
  "epochs": 3,
  "best_epoch": 3,
  "best_accuracy": 0.03,
  "final_vllm_accuracy": 0.03,
  "final_vllm_level_accuracy": {},
  "training_time_sec": 5752.285598754883,
  "epoch_results": [
    {
      "epoch": 1,
      "avg_loss": 3.540972549700737,
      "accuracy": 0.026,
      "level_accuracy": {
        "Level 1": 0.0425531914893617,
        "Level 2": 0.043478260869565216,
        "Level 3": 0.027522935779816515,
        "Level 4": 0.023255813953488372,
        "Level 5": 0.008130081300813009
      },
      "n_eval": 500,
      "eval_time_sec": 988.8196246623993
    },
    {
      "epoch": 2,
      "avg_loss": 3.454859396584829,
      "accuracy": 0.018,
      "level_accuracy": {
        "Level 1": 0.0425531914893617,
        "Level 2": 0.03260869565217391,
        "Level 3": 0.027522935779816515,
        "Level 4": 0.007751937984496124,
        "Level 5": 0.0
      },
      "n_eval": 500,
      "eval_time_sec": 993.3336746692657
    },
    {
      "epoch": 3,
      "avg_loss": 3.4593621107816697,
      "accuracy": 0.03,
      "level_accuracy": {
        "Level 1": 0.0425531914893617,
        "Level 2": 0.08695652173913043,
        "Level 3": 0.009174311926605505,
        "Level 4": 0.023255813953488372,
        "Level 5": 0.008130081300813009
      },
      "n_eval": 500,
      "eval_time_sec": 982.303341627121
    }
  ]
}