{
  "n_annotated": 2151,
  "difficulty_continuous": {
    "bert-mini": {
      "mean": -0.09372077315123158,
      "std": 0.003238650714812253
    },
    "bert-small": {
      "mean": -0.0892807370291472,
      "std": 0.008939174212340634
    },
    "bert-medium": {
      "mean": -0.10007929218959809,
      "std": 0.012467652490494344
    },
    "bert-base": {
      "mean": -0.08301750694125049,
      "std": 0.0039748874938862816
    },
    "bert-large": {
      "mean": -0.09344944331833611,
      "std": 0.006502807732623973
    },
    "t5-v1_1-small": {
      "mean": 0.0028965204824503202,
      "std": 0.013972061675742593
    },
    "t5-v1_1-base": {
      "mean": 0.020056140866264564,
      "std": 0.02064156515562158
    },
    "t5-v1_1-large": {
      "mean": -0.07655102377013959,
      "std": 0.00558657058583043
    },
    "t5-v1_1-xl": {
      "mean": -0.12057996152715907,
      "std": 0.001984207718442676
    },
    "t5-v1_1-xxl": {
      "mean": -0.1219240709817248,
      "std": 0.005965922390568879
    },
    "pythia-14m": {
      "mean": 0.02207100442306915,
      "std": 0.014715620865556984
    },
    "pythia-31m": {
      "mean": 0.03579089634663098,
      "std": 0.012142850536630757
    },
    "pythia-70m": {
      "mean": 0.017973095571075376,
      "std": 0.01038277407277027
    },
    "pythia-160m": {
      "mean": 0.005447499675882876,
      "std": 0.0027518062857517776
    },
    "pythia-410m": {
      "mean": -0.003755882064901819,
      "std": 0.014709122169168792
    },
    "pythia-1b": {
      "mean": -0.08822756230763229,
      "std": 0.006040523276596138
    },
    "pythia-1.4b": {
      "mean": -0.09513000337568904,
      "std": 0.004949866789958567
    },
    "pythia-2.8b": {
      "mean": -0.08864666596832481,
      "std": 0.0038992677469010355
    },
    "pythia-6.9b": {
      "mean": -0.10998172508302288,
      "std": 0.00478432050847607
    },
    "pythia-12b": {
      "mean": -0.115236630182749,
      "std": 0.01691493853647796
    }
  },
  "difficulty_discretized": {
    "bert-mini": {
      "mean": 0.05559699455090922,
      "std": 0.010193862678000988
    },
    "bert-small": {
      "mean": 0.08687247967409663,
      "std": 0.005872721472724969
    },
    "bert-medium": {
      "mean": 0.08620206725173092,
      "std": 0.010739519107193405
    },
    "bert-base": {
      "mean": 0.0668449624435085,
      "std": 0.004241860878030406
    },
    "bert-large": {
      "mean": 0.07533845915821365,
      "std": 0.008353005450766752
    },
    "t5-v1_1-small": {
      "mean": -0.003060083909672185,
      "std": 0.016211168712444043
    },
    "t5-v1_1-base": {
      "mean": -0.006183963561721566,
      "std": 0.03503357821835456
    },
    "t5-v1_1-large": {
      "mean": 0.06804986343422238,
      "std": 0.00744687342821712
    },
    "t5-v1_1-xl": {
      "mean": 0.09491060893886603,
      "std": 0.003627738513070543
    },
    "t5-v1_1-xxl": {
      "mean": 0.12043342778964454,
      "std": 0.006491982583206304
    },
    "pythia-14m": {
      "mean": -0.0049138513018865205,
      "std": 0.016647361150809368
    },
    "pythia-31m": {
      "mean": -0.03557519753780086,
      "std": 0.013408825658958698
    },
    "pythia-70m": {
      "mean": -0.013288770430118654,
      "std": 0.005880518571193307
    },
    "pythia-160m": {
      "mean": -0.014160587089316487,
      "std": 0.00951522351617746
    },
    "pythia-410m": {
      "mean": 0.0010115662154276592,
      "std": 0.02412314623664332
    },
    "pythia-1b": {
      "mean": 0.07381674364875436,
      "std": 0.00646946561998303
    },
    "pythia-1.4b": {
      "mean": 0.07473665944408393,
      "std": 0.004600599200078081
    },
    "pythia-2.8b": {
      "mean": 0.07702605307607176,
      "std": 0.018408737229970697
    },
    "pythia-6.9b": {
      "mean": 0.09448996900315759,
      "std": 0.001664743776817942
    },
    "pythia-12b": {
      "mean": 0.10467815757990799,
      "std": 0.007214837563301092
    }
  },
  "grade_continuous": {
    "bert-mini": {
      "mean": -0.06133729841090425,
      "std": 0.00524934586898658
    },
    "bert-small": {
      "mean": -0.06676592245261652,
      "std": 0.009868311551946458
    },
    "bert-medium": {
      "mean": -0.06767046715836296,
      "std": 0.016052819471042815
    },
    "bert-base": {
      "mean": -0.04307436203200399,
      "std": 0.007883386717006462
    },
    "bert-large": {
      "mean": -0.041904068306957414,
      "std": 0.008822728716042316
    },
    "t5-v1_1-small": {
      "mean": 0.011537771579317208,
      "std": 0.00922946059801294
    },
    "t5-v1_1-base": {
      "mean": 0.005529102041929797,
      "std": 0.029754634395869662
    },
    "t5-v1_1-large": {
      "mean": -0.06325563033941542,
      "std": 0.006704455193550575
    },
    "t5-v1_1-xl": {
      "mean": -0.06665880604399411,
      "std": 0.004887817753866251
    },
    "t5-v1_1-xxl": {
      "mean": -0.10622541423384281,
      "std": 0.010411658827698247
    },
    "pythia-14m": {
      "mean": 0.03434699945867683,
      "std": 0.02294963402264175
    },
    "pythia-31m": {
      "mean": 0.021427614237409954,
      "std": 0.01468234037143946
    },
    "pythia-70m": {
      "mean": 0.006403324682172302,
      "std": 0.024195508779311762
    },
    "pythia-160m": {
      "mean": 0.022311130092401262,
      "std": 0.010246803313772274
    },
    "pythia-410m": {
      "mean": 0.013212376860763944,
      "std": 0.03801495979178588
    },
    "pythia-1b": {
      "mean": -0.01676401338531152,
      "std": 0.010605005454833628
    },
    "pythia-1.4b": {
      "mean": -0.021237791936829255,
      "std": 0.0059616011923143185
    },
    "pythia-2.8b": {
      "mean": -0.008541873231683076,
      "std": 0.008170292476002641
    },
    "pythia-6.9b": {
      "mean": -0.05309230172743681,
      "std": 0.0002334055502070639
    },
    "pythia-12b": {
      "mean": -0.03201295040156698,
      "std": 0.011623041964976471
    }
  },
  "grade_discretized": {
    "bert-mini": {
      "mean": 0.06605978229658235,
      "std": 0.012461750879833056
    },
    "bert-small": {
      "mean": 0.05758792757447521,
      "std": 0.003121710618458793
    },
    "bert-medium": {
      "mean": 0.05574673263238084,
      "std": 0.015070036506623231
    },
    "bert-base": {
      "mean": 0.034418503354779674,
      "std": 0.002714741900632014
    },
    "bert-large": {
      "mean": 0.020147194146638025,
      "std": 0.015978426034867856
    },
    "t5-v1_1-small": {
      "mean": -0.01219884061170539,
      "std": 0.01532892077370805
    },
    "t5-v1_1-base": {
      "mean": -0.00485404257694731,
      "std": 0.031164719329558985
    },
    "t5-v1_1-large": {
      "mean": 0.0599082308695823,
      "std": 0.008285898453816718
    },
    "t5-v1_1-xl": {
      "mean": 0.05895662916562828,
      "std": 0.0019089055269716853
    },
    "t5-v1_1-xxl": {
      "mean": 0.0935303808961732,
      "std": 0.01147978459893824
    },
    "pythia-14m": {
      "mean": -0.04022973309207875,
      "std": 0.01913614938232968
    },
    "pythia-31m": {
      "mean": -0.007267617835317031,
      "std": 0.01587993965436192
    },
    "pythia-70m": {
      "mean": -0.007137785731895957,
      "std": 0.027010706162982734
    },
    "pythia-160m": {
      "mean": -0.018083665585935865,
      "std": 0.00418428951303373
    },
    "pythia-410m": {
      "mean": -0.011361415138992512,
      "std": 0.03809433439677644
    },
    "pythia-1b": {
      "mean": 0.014952686307867244,
      "std": 0.012273106297943955
    },
    "pythia-1.4b": {
      "mean": 0.022034733835982673,
      "std": 0.00783249727665378
    },
    "pythia-2.8b": {
      "mean": 0.008754850901352465,
      "std": 0.012034276112364451
    },
    "pythia-6.9b": {
      "mean": 0.04593960692089751,
      "std": 0.0033123406711183805
    },
    "pythia-12b": {
      "mean": 0.028943871113101982,
      "std": 0.012047389664297387
    }
  }
}