{
  "models": [
    "bert-small",
    "bert-base",
    "bert-large",
    "t5-v1_1-small",
    "t5-v1_1-base",
    "t5-v1_1-large",
    "pythia-70m",
    "pythia-410m",
    "pythia-1b"
  ],
  "k_pct": 30,
  "n_seeds": 3,
  "mean_matrix": [
    [
      1.0,
      0.4137785479485982,
      0.4144559829559533,
      0.18274743560504322,
      0.16302852271732635,
      0.29408331285328093,
      0.18161461923807512,
      0.1705490547486423,
      0.33210445657974175
    ],
    [
      0.4137785479485982,
      1.0,
      0.4047888563885094,
      0.17604154983534384,
      0.16654475033407365,
      0.3112862526074961,
      0.18346687670813566,
      0.17969661610268378,
      0.3150389874016496
    ],
    [
      0.4144559829559533,
      0.4047888563885094,
      1.0,
      0.17469366493845098,
      0.1545196733559845,
      0.3417409166264869,
      0.17707554605042689,
      0.16778149424029842,
      0.36507819813054404
    ],
    [
      0.18274743560504322,
      0.17604154983534384,
      0.17469366493845098,
      1.0,
      0.18288012694202985,
      0.2241978527337636,
      0.23478325531109437,
      0.15528990649524127,
      0.19433929454856927
    ],
    [
      0.16302852271732635,
      0.16654475033407365,
      0.1545196733559845,
      0.18288012694202985,
      1.0,
      0.16115148468340762,
      0.25744423654193355,
      0.14892631990833693,
      0.13153289065036367
    ],
    [
      0.29408331285328093,
      0.3112862526074961,
      0.3417409166264869,
      0.2241978527337636,
      0.16115148468340762,
      1.0,
      0.16851954016232706,
      0.19327245562161088,
      0.3686986137568755
    ],
    [
      0.18161461923807512,
      0.18346687670813566,
      0.17707554605042689,
      0.23478325531109437,
      0.25744423654193355,
      0.16851954016232706,
      1.0,
      0.14099778867698193,
      0.18222046929644373
    ],
    [
      0.1705490547486423,
      0.17969661610268378,
      0.16778149424029842,
      0.15528990649524127,
      0.14892631990833693,
      0.19327245562161088,
      0.14099778867698193,
      1.0,
      0.18215310808594393
    ],
    [
      0.33210445657974175,
      0.3150389874016496,
      0.36507819813054404,
      0.19433929454856927,
      0.13153289065036367,
      0.3686986137568755,
      0.18222046929644373,
      0.18215310808594393,
      1.0
    ]
  ],
  "std_matrix": [
    [
      0.0,
      0.033489914374066045,
      0.014127739875783646,
      0.008474434718271865,
      0.008941761584868856,
      0.0020705333005652526,
      0.009694258474225878,
      0.009147561354041489,
      0.010890886921416678
    ],
    [
      0.033489914374066045,
      0.0,
      0.02050924877636877,
      0.0022540595097463585,
      0.002706415355657954,
      0.001700760379516858,
      0.010212840951607944,
      0.0,
      0.008861562053865516
    ],
    [
      0.014127739875783646,
      0.02050924877636877,
      0.0,
      0.005188402984254326,
      0.014877666402500421,
      0.0017806780578984438,
      0.012203566808311448,
      0.0030349504614965855,
      0.011208043175454674
    ],
    [
      0.008474434718271865,
      0.0022540595097463585,
      0.005188402984254326,
      0.0,
      0.055033847579547365,
      0.02703977102861263,
      0.06929325533019838,
      0.036927074636834194,
      0.033944132720382596
    ],
    [
      0.008941761584868856,
      0.002706415355657954,
      0.014877666402500421,
      0.055033847579547365,
      0.0,
      0.021996555105942853,
      0.2692550298811065,
      0.008486387590232042,
      0.005579381224379048
    ],
    [
      0.0020705333005652526,
      0.001700760379516858,
      0.0017806780578984438,
      0.02703977102861263,
      0.021996555105942853,
      0.0,
      0.009115870437556448,
      0.00035210163931000127,
      0.015284959138401638
    ],
    [
      0.009694258474225878,
      0.010212840951607944,
      0.012203566808311448,
      0.06929325533019838,
      0.2692550298811065,
      0.009115870437556448,
      0.0,
      0.01641491882158705,
      0.028268184205172395
    ],
    [
      0.009147561354041489,
      0.0,
      0.0030349504614965855,
      0.036927074636834194,
      0.008486387590232042,
      0.00035210163931000127,
      0.01641491882158705,
      0.0,
      0.021418320485484657
    ],
    [
      0.010890886921416678,
      0.008861562053865516,
      0.011208043175454674,
      0.033944132720382596,
      0.005579381224379048,
      0.015284959138401638,
      0.028268184205172395,
      0.021418320485484657,
      0.0
    ]
  ]
}