{
  "model": "pythia-70m",
  "split": "split1",
  "lr": 3e-05,
  "seed": 1,
  "mode": "confidence",
  "val_acc": 0.6411614875191034,
  "avg_loss": 0.8099061934153239,
  "training_time_sec": 86.49434089660645,
  "confidence_stats": {
    "mean": 0.5469650626182556,
    "std": 0.2440875917673111,
    "gt_095_ratio": 0.0124,
    "lt_04_ratio": 0.30783333333333335
  }
}