{
  "models": [
    "bert-small",
    "bert-base",
    "bert-large",
    "t5-v1_1-small",
    "t5-v1_1-base",
    "t5-v1_1-large",
    "t5-v1_1-xl",
    "pythia-70m",
    "pythia-410m",
    "pythia-2.8b"
  ],
  "k_pct": 30,
  "n_splits": 3,
  "mean_matrix": [
    [
      1.0,
      0.5183285281654219,
      0.3510292552265913,
      0.5333358784763546,
      0.4082419944122653,
      0.3879618135499776,
      0.3358349213796224,
      0.535133866475232,
      0.43773438349668875,
      0.3751128859074669
    ],
    [
      0.5183285281654219,
      1.0,
      0.4021899169354557,
      0.4758707325198716,
      0.4047437211179092,
      0.4270462461640734,
      0.3659993667450839,
      0.4758878938558184,
      0.49633304481922846,
      0.41388731976276355
    ],
    [
      0.3510292552265913,
      0.4021899169354557,
      1.0,
      0.2990612860698724,
      0.289881266588965,
      0.2982625543157984,
      0.26592969997165256,
      0.3235920958971552,
      0.3641216434769506,
      0.3082503910196507
    ],
    [
      0.5333358784763546,
      0.4758707325198716,
      0.2990612860698724,
      1.0,
      0.4877001252722888,
      0.43641017733317344,
      0.37850179237171266,
      0.4620692416716959,
      0.4169833793513673,
      0.36789317776833036
    ],
    [
      0.4082419944122653,
      0.4047437211179092,
      0.289881266588965,
      0.4877001252722888,
      1.0,
      0.37422452603666806,
      0.29598729552122366,
      0.3728251860304943,
      0.3457605839532277,
      0.3245107239842275
    ],
    [
      0.3879618135499776,
      0.4270462461640734,
      0.2982625543157984,
      0.43641017733317344,
      0.37422452603666806,
      1.0,
      0.5407902422537467,
      0.3526366883599002,
      0.46090567315611225,
      0.4265411368426686
    ],
    [
      0.3358349213796224,
      0.3659993667450839,
      0.26592969997165256,
      0.37850179237171266,
      0.29598729552122366,
      0.5407902422537467,
      1.0,
      0.30527516531567317,
      0.3818826356195319,
      0.3602944363820087
    ],
    [
      0.535133866475232,
      0.4758878938558184,
      0.3235920958971552,
      0.4620692416716959,
      0.3728251860304943,
      0.3526366883599002,
      0.30527516531567317,
      1.0,
      0.45512651485251077,
      0.40722849029437463
    ],
    [
      0.43773438349668875,
      0.49633304481922846,
      0.3641216434769506,
      0.4169833793513673,
      0.3457605839532277,
      0.46090567315611225,
      0.3818826356195319,
      0.45512651485251077,
      1.0,
      0.5127010727898066
    ],
    [
      0.3751128859074669,
      0.41388731976276355,
      0.3082503910196507,
      0.36789317776833036,
      0.3245107239842275,
      0.4265411368426686,
      0.3602944363820087,
      0.40722849029437463,
      0.5127010727898066,
      1.0
    ]
  ],
  "std_matrix": [
    [
      0.0,
      0.012956235283231431,
      0.16972476919028504,
      0.010526299884129483,
      0.10288150677465145,
      0.017230831131256313,
      0.0227307031329842,
      0.0139584399755914,
      0.019524995234905973,
      0.0629705848472337
    ],
    [
      0.012956235283231431,
      0.0,
      0.20531963650395557,
      0.021127748049371564,
      0.13711294228593512,
      0.009300908194124328,
      0.03457757003550461,
      0.007142558821961507,
      0.015253773393931578,
      0.06927136737346659
    ],
    [
      0.16972476919028504,
      0.20531963650395557,
      0.0,
      0.1979655621920519,
      0.2047085345609094,
      0.20443850644550415,
      0.13908188763120022,
      0.1683803328344861,
      0.2318250291273097,
      0.22184858036162564
    ],
    [
      0.010526299884129483,
      0.021127748049371564,
      0.1979655621920519,
      0.0,
      0.12687001562857153,
      0.008383327874755904,
      0.01564067646918971,
      0.04058201020908236,
      0.0455388886384553,
      0.09840499455005244
    ],
    [
      0.10288150677465145,
      0.13711294228593512,
      0.2047085345609094,
      0.12687001562857153,
      0.0,
      0.1022480375264601,
      0.08954349589740944,
      0.08009492779569542,
      0.08255501464721177,
      0.08563947656946658
    ],
    [
      0.017230831131256313,
      0.009300908194124328,
      0.20443850644550415,
      0.008383327874755904,
      0.1022480375264601,
      0.0,
      0.027237579302040682,
      0.0272135611096168,
      0.058133902214927057,
      0.10205305611367317
    ],
    [
      0.0227307031329842,
      0.03457757003550461,
      0.13908188763120022,
      0.01564067646918971,
      0.08954349589740944,
      0.027237579302040682,
      0.0,
      0.04482741120657512,
      0.06658458485756262,
      0.04784285367827978
    ],
    [
      0.0139584399755914,
      0.007142558821961507,
      0.1683803328344861,
      0.04058201020908236,
      0.08009492779569542,
      0.0272135611096168,
      0.04482741120657512,
      0.0,
      0.010208124479970887,
      0.033243004796420075
    ],
    [
      0.019524995234905973,
      0.015253773393931578,
      0.2318250291273097,
      0.0455388886384553,
      0.08255501464721177,
      0.058133902214927057,
      0.06658458485756262,
      0.010208124479970887,
      0.0,
      0.04492545017319383
    ],
    [
      0.0629705848472337,
      0.06927136737346659,
      0.22184858036162564,
      0.09840499455005244,
      0.08563947656946658,
      0.10205305611367317,
      0.04784285367827978,
      0.033243004796420075,
      0.04492545017319383,
      0.0
    ]
  ]
}