{
  "models": [
    "bert-small",
    "bert-base",
    "bert-large",
    "t5-v1_1-small",
    "t5-v1_1-base",
    "t5-v1_1-large",
    "pythia-70m",
    "pythia-410m",
    "pythia-2.8b"
  ],
  "k_pct": 30,
  "matrix": [
    [
      1.0,
      0.5127321623665855,
      0.3532477947072975,
      0.2448419742271606,
      0.1474469305794607,
      0.2868786044516467,
      0.5300918055083305,
      0.4325887409136733,
      0.3666388277275833
    ],
    [
      0.5127321623665855,
      1.0,
      0.38917472731014613,
      0.2147934851075317,
      0.16492287779096107,
      0.30763270050368074,
      0.4633353205788304,
      0.4862521674510775,
      0.3974431965219192
    ],
    [
      0.3532477947072975,
      0.38917472731014613,
      1.0,
      0.361642039437188,
      0.1621900826446281,
      0.14355900976260563,
      0.3806857405844903,
      0.4302362538404492,
      0.41361256544502617
    ],
    [
      0.2448419742271606,
      0.2147934851075317,
      0.361642039437188,
      1.0,
      0.12673705295664148,
      0.10449776032398601,
      0.2719349899894005,
      0.26236061434883234,
      0.2714857546503414
    ],
    [
      0.1474469305794607,
      0.16492287779096107,
      0.1621900826446281,
      0.12673705295664148,
      1.0,
      0.21187638860836194,
      0.16580310880829016,
      0.15392012308481312,
      0.18882504458093918
    ],
    [
      0.2868786044516467,
      0.30763270050368074,
      0.14355900976260563,
      0.10449776032398601,
      0.21187638860836194,
      1.0,
      0.2790449797484545,
      0.30712625871417504,
      0.30665182568296756
    ],
    [
      0.5300918055083305,
      0.4633353205788304,
      0.3806857405844903,
      0.2719349899894005,
      0.16580310880829016,
      0.2790449797484545,
      1.0,
      0.45811956580439595,
      0.4125771685675421
    ],
    [
      0.4325887409136733,
      0.4862521674510775,
      0.4302362538404492,
      0.26236061434883234,
      0.15392012308481312,
      0.30712625871417504,
      0.45811956580439595,
      1.0,
      0.5104472602164974
    ],
    [
      0.3666388277275833,
      0.3974431965219192,
      0.41361256544502617,
      0.2714857546503414,
      0.18882504458093918,
      0.30665182568296756,
      0.4125771685675421,
      0.5104472602164974,
      1.0
    ]
  ]
}