{
  "models": [
    "bert-small",
    "bert-base",
    "bert-large",
    "t5-v1_1-small",
    "t5-v1_1-base",
    "t5-v1_1-large",
    "pythia-70m",
    "pythia-410m",
    "pythia-1b"
  ],
  "k_pct": 30,
  "n_splits": 3,
  "mean_matrix": [
    [
      1.0,
      0.5183285281654219,
      0.3510292552265913,
      0.5333358784763546,
      0.4082419944122653,
      0.3879618135499776,
      0.535133866475232,
      0.43773438349668875,
      0.4662540176647256
    ],
    [
      0.5183285281654219,
      1.0,
      0.4021899169354557,
      0.4758707325198716,
      0.4047437211179092,
      0.4270462461640734,
      0.4758878938558184,
      0.49633304481922846,
      0.5138288668887607
    ],
    [
      0.3510292552265913,
      0.4021899169354557,
      1.0,
      0.2990612860698724,
      0.289881266588965,
      0.2982625543157984,
      0.3235920958971552,
      0.3641216434769506,
      0.3910017266058557
    ],
    [
      0.5333358784763546,
      0.4758707325198716,
      0.2990612860698724,
      1.0,
      0.4877001252722888,
      0.43641017733317344,
      0.4620692416716959,
      0.4169833793513673,
      0.42817751805506626
    ],
    [
      0.4082419944122653,
      0.4047437211179092,
      0.289881266588965,
      0.4877001252722888,
      1.0,
      0.37422452603666806,
      0.3728251860304943,
      0.3457605839532277,
      0.37978971005601087
    ],
    [
      0.3879618135499776,
      0.4270462461640734,
      0.2982625543157984,
      0.43641017733317344,
      0.37422452603666806,
      1.0,
      0.3526366883599002,
      0.46090567315611225,
      0.4499068009050536
    ],
    [
      0.535133866475232,
      0.4758878938558184,
      0.3235920958971552,
      0.4620692416716959,
      0.3728251860304943,
      0.3526366883599002,
      1.0,
      0.45512651485251077,
      0.4444381282021543
    ],
    [
      0.43773438349668875,
      0.49633304481922846,
      0.3641216434769506,
      0.4169833793513673,
      0.3457605839532277,
      0.46090567315611225,
      0.45512651485251077,
      1.0,
      0.5448427289984732
    ],
    [
      0.4662540176647256,
      0.5138288668887607,
      0.3910017266058557,
      0.42817751805506626,
      0.37978971005601087,
      0.4499068009050536,
      0.4444381282021543,
      0.5448427289984732,
      1.0
    ]
  ],
  "std_matrix": [
    [
      0.0,
      0.012956235283231431,
      0.16972476919028504,
      0.010526299884129483,
      0.10288150677465145,
      0.017230831131256313,
      0.0139584399755914,
      0.019524995234905973,
      0.014163205337415915
    ],
    [
      0.012956235283231431,
      0.0,
      0.20531963650395557,
      0.021127748049371564,
      0.13711294228593512,
      0.009300908194124328,
      0.007142558821961507,
      0.015253773393931578,
      0.017735279679282512
    ],
    [
      0.16972476919028504,
      0.20531963650395557,
      0.0,
      0.1979655621920519,
      0.2047085345609094,
      0.20443850644550415,
      0.1683803328344861,
      0.2318250291273097,
      0.20272476012895801
    ],
    [
      0.010526299884129483,
      0.021127748049371564,
      0.1979655621920519,
      0.0,
      0.12687001562857153,
      0.008383327874755904,
      0.04058201020908236,
      0.0455388886384553,
      0.01576796939156202
    ],
    [
      0.10288150677465145,
      0.13711294228593512,
      0.2047085345609094,
      0.12687001562857153,
      0.0,
      0.1022480375264601,
      0.08009492779569542,
      0.08255501464721177,
      0.10179009549435683
    ],
    [
      0.017230831131256313,
      0.009300908194124328,
      0.20443850644550415,
      0.008383327874755904,
      0.1022480375264601,
      0.0,
      0.0272135611096168,
      0.058133902214927057,
      0.003577888538834786
    ],
    [
      0.0139584399755914,
      0.007142558821961507,
      0.1683803328344861,
      0.04058201020908236,
      0.08009492779569542,
      0.0272135611096168,
      0.0,
      0.010208124479970887,
      0.0035137545111095813
    ],
    [
      0.019524995234905973,
      0.015253773393931578,
      0.2318250291273097,
      0.0455388886384553,
      0.08255501464721177,
      0.058133902214927057,
      0.010208124479970887,
      0.0,
      0.008214414470729195
    ],
    [
      0.014163205337415915,
      0.017735279679282512,
      0.20272476012895801,
      0.01576796939156202,
      0.10179009549435683,
      0.003577888538834786,
      0.0035137545111095813,
      0.008214414470729195,
      0.0
    ]
  ]
}