{
  "global_negation": 0.3762,
  "global_overlap": 0.36286666666666667,
  "models": {
    "bert-mini": {
      "params": 11000000.0,
      "family": "BERT",
      "neg_mean": 0.8285797736806474,
      "neg_std": 0.044953605784422375,
      "ovlp_mean": 0.5381693552551629,
      "ovlp_std": 0.011345447175316655,
      "n_splits": 3
    },
    "bert-small": {
      "params": 29000000.0,
      "family": "BERT",
      "neg_mean": 0.8143992088705133,
      "neg_std": 0.03244375737751975,
      "ovlp_mean": 0.5311794329658147,
      "ovlp_std": 0.0021116077628999526,
      "n_splits": 3
    },
    "bert-medium": {
      "params": 42000000.0,
      "family": "BERT",
      "neg_mean": 0.8181062146394288,
      "neg_std": 0.033920069093683176,
      "ovlp_mean": 0.5354295537818575,
      "ovlp_std": 0.004740152736183157,
      "n_splits": 3
    },
    "bert-base": {
      "params": 110000000.0,
      "family": "BERT",
      "neg_mean": 0.7201951385115061,
      "neg_std": 0.054168003366564355,
      "ovlp_mean": 0.5874252524158957,
      "ovlp_std": 0.035247119338137664,
      "n_splits": 3
    },
    "bert-large": {
      "params": 335000000.0,
      "family": "BERT",
      "neg_mean": 0.6824083608076658,
      "neg_std": 0.04661113622539448,
      "ovlp_mean": 0.5909174291470894,
      "ovlp_std": 0.0012227726585398724,
      "n_splits": 3
    },
    "t5-v1_1-small": {
      "params": 77000000.0,
      "family": "T5 v1.1",
      "neg_mean": 0.8123266242635087,
      "neg_std": 0.021240454320219395,
      "ovlp_mean": 0.4958421511301789,
      "ovlp_std": 0.011329805922409,
      "n_splits": 3
    },
    "t5-v1_1-base": {
      "params": 248000000.0,
      "family": "T5 v1.1",
      "neg_mean": 0.7991998565991879,
      "neg_std": 0.05590070167610455,
      "ovlp_mean": 0.46420984604121496,
      "ovlp_std": 0.07909458129549875,
      "n_splits": 3
    },
    "t5-v1_1-large": {
      "params": 783000000.0,
      "family": "T5 v1.1",
      "neg_mean": 0.5388154247960429,
      "neg_std": 0.01880127799595027,
      "ovlp_mean": 0.5066836347275139,
      "ovlp_std": 0.020153380258333367,
      "n_splits": 3
    },
    "t5-v1_1-xl": {
      "params": 3000000000.0,
      "family": "T5 v1.1",
      "neg_mean": 0.4911523095535131,
      "neg_std": 0.035177993113616614,
      "ovlp_mean": 0.5159095134023404,
      "ovlp_std": 0.02218111127169449,
      "n_splits": 3
    },
    "pythia-14m": {
      "params": 14000000.0,
      "family": "Pythia",
      "neg_mean": 0.9066277717737327,
      "neg_std": 0.020212636735786917,
      "ovlp_mean": 0.5935578387992665,
      "ovlp_std": 0.03469077281733034,
      "n_splits": 3
    },
    "pythia-31m": {
      "params": 31000000.0,
      "family": "Pythia",
      "neg_mean": 0.8259913346969766,
      "neg_std": 0.05521685601966037,
      "ovlp_mean": 0.5400520226472878,
      "ovlp_std": 0.03302939310328701,
      "n_splits": 3
    },
    "pythia-70m": {
      "params": 70000000.0,
      "family": "Pythia",
      "neg_mean": 0.8323312155540904,
      "neg_std": 0.08044518411422125,
      "ovlp_mean": 0.5975924110867049,
      "ovlp_std": 0.021995436893741706,
      "n_splits": 3
    },
    "pythia-160m": {
      "params": 160000000.0,
      "family": "Pythia",
      "neg_mean": 0.7860855350798182,
      "neg_std": 0.06657448167074205,
      "ovlp_mean": 0.573207300954277,
      "ovlp_std": 0.031141087581170745,
      "n_splits": 3
    },
    "pythia-410m": {
      "params": 410000000.0,
      "family": "Pythia",
      "neg_mean": 0.5995326777316033,
      "neg_std": 0.03979129076432236,
      "ovlp_mean": 0.6147171409882303,
      "ovlp_std": 0.025071682802995623,
      "n_splits": 3
    },
    "pythia-1b": {
      "params": 1000000000.0,
      "family": "Pythia",
      "neg_mean": 0.6563426193282207,
      "neg_std": 0.054316628479694644,
      "ovlp_mean": 0.571868249309068,
      "ovlp_std": 0.01750708335643836,
      "n_splits": 3
    },
    "pythia-1.4b": {
      "params": 1400000000.0,
      "family": "Pythia",
      "neg_mean": 0.5751756205591586,
      "neg_std": 0.05327256541704956,
      "ovlp_mean": 0.585761985176112,
      "ovlp_std": 0.02772283747031287,
      "n_splits": 3
    },
    "pythia-2.8b": {
      "params": 2800000000.0,
      "family": "Pythia",
      "neg_mean": 0.6249555159096829,
      "neg_std": 0.10554140918766913,
      "ovlp_mean": 0.6107224249644293,
      "ovlp_std": 0.08472197188204869,
      "n_splits": 3
    },
    "pythia-6.9b": {
      "params": 6900000000.0,
      "family": "Pythia",
      "neg_mean": 0.5292128985461614,
      "neg_std": 0.03244963487933511,
      "ovlp_mean": 0.5475275686434323,
      "ovlp_std": 0.025204440579281367,
      "n_splits": 3
    },
    "pythia-12b": {
      "params": 12000000000.0,
      "family": "Pythia",
      "neg_mean": 0.5139717281309452,
      "neg_std": 0.02273941334801075,
      "ovlp_mean": 0.5549324331643173,
      "ovlp_std": 0.04234086922779713,
      "n_splits": 3
    },
    "t5-v1_1-xxl": {
      "params": 11000000000.0,
      "family": "T5 v1.1",
      "neg_mean": 0.46250649628894774,
      "neg_std": 0.03223036379430517,
      "ovlp_mean": 0.5808069025050918,
      "ovlp_std": 0.011791778294204676,
      "n_splits": 3
    }
  }
}