{
  "model": "pythia-6.9b",
  "split": "split1",
  "lr": 0.0001,
  "seed": 1,
  "mode": "confidence",
  "val_acc": 0.8538970962812023,
  "avg_loss": 0.5209782977952466,
  "training_time_sec": 2355.817920923233,
  "confidence_stats": {
    "mean": 0.8492560982704163,
    "std": 0.26615574955940247,
    "gt_095_ratio": 0.6523333333333333,
    "lt_04_ratio": 0.09953333333333333
  }
}