{
  "model": "bert-large",
  "split": "split3",
  "lr": 3e-05,
  "seed": 1,
  "mode": "confidence",
  "val_acc": 0.3273560876209883,
  "avg_loss": 1.0963050841967266,
  "training_time_sec": 299.9094817638397,
  "confidence_stats": {
    "mean": 0.3333333432674408,
    "std": 0.006899027619510889,
    "gt_095_ratio": 0.0,
    "lt_04_ratio": 1.0
  }
}