{
  "model": "bert-mini",
  "split": "split1",
  "lr": 0.0001,
  "seed": 1,
  "mode": "confidence",
  "val_acc": 0.6122261844116149,
  "avg_loss": 0.9499975619316101,
  "training_time_sec": 47.73626732826233,
  "confidence_stats": {
    "mean": 0.5020434856414795,
    "std": 0.20904497802257538,
    "gt_095_ratio": 0.0,
    "lt_04_ratio": 0.33773333333333333
  }
}