{
  "model": "pythia-160m",
  "split": "split1",
  "lr": 1e-05,
  "seed": 1,
  "mode": "confidence",
  "val_acc": 0.7127865511971472,
  "avg_loss": 0.724563529308637,
  "training_time_sec": 167.33081221580505,
  "confidence_stats": {
    "mean": 0.6313708424568176,
    "std": 0.26994985342025757,
    "gt_095_ratio": 0.07703333333333333,
    "lt_04_ratio": 0.2341
  }
}